{"cameraMode":{"drawMode":0,"name":"Shaded","section":"Shading Mode"},"sceneLighting":true,"audioPlay":false,"sceneViewState":{"showFog":true,"showMaterialUpdate":true,"showSkybox":true,"showFlares":true,"showImageEffects":true,"showParticleSystems":true},"in2DMode":false,"pivot":{"x":-0.1524500846862793,"y":-8.01861572265625,"z":-37.86451721191406},"rotation":{"x":-0.0034221436362713577,"y":0.9565261602401733,"z":-0.29150229692459109,"w":-0.011187178082764149},"size":71.85015106201172,"orthographic":false}